animal_id,timestamp,latitude,longitude,Previous_Latitude,Previous_Longitude,Distance,Speed per day
1,01-01-2025,20.01905686,78.50664129,,,0,0
1,02-01-2025,20.03800708,78.49595214,20.01905686,78.50664129,2.384778726,2.384778726
1,03-01-2025,20.02163134,78.50068758,20.03800708,78.49595214,1.886904813,1.886904813
1,04-01-2025,20.01692982,78.52001682,20.02163134,78.50068758,2.086017356,2.086017356
1,05-01-2025,20.01560034,78.53441443,20.01692982,78.52001682,1.511483853,1.511483853
1,06-01-2025,20.02281264,78.5324344,20.01560034,78.53441443,0.828221819,0.828221819
1,07-01-2025,20.00334324,78.55012247,20.02281264,78.5324344,2.84641823,2.84641823
1,08-01-2025,20.00587477,78.54553913,20.00334324,78.55012247,0.555498627,0.555498627
1,09-01-2025,19.98651342,78.53477489,20.00587477,78.54553913,2.428996098,2.428996098
1,10-01-2025,19.97615443,78.54210543,19.98651342,78.53477489,1.383341425,1.383341425
1,11-01-2025,19.9805543,78.55543322,19.97615443,78.54210543,1.476228117,1.476228117
1,12-01-2025,19.96748889,78.55107565,19.9805543,78.55543322,1.522508541,1.522508541
1,13-01-2025,19.95477833,78.5612901,19.96748889,78.55107565,1.771227005,1.771227005
1,14-01-2025,19.95178457,78.54960777,19.95477833,78.5612901,1.26560216,1.26560216
1,15-01-2025,19.95449258,78.5308603,19.95178457,78.54960777,1.982489363,1.982489363
1,16-01-2025,19.96818397,78.52885047,19.95449258,78.5308603,1.536836203,1.536836203
1,17-01-2025,19.96398998,78.54591682,19.96818397,78.52885047,1.8435891,1.8435891
1,18-01-2025,19.97308086,78.53897845,19.96398998,78.54591682,1.244045317,1.244045317
1,19-01-2025,19.97589862,78.53981182,19.97308086,78.53897845,0.32519971,0.32519971
1,20-01-2025,19.9943455,78.55359318,19.97589862,78.53981182,2.506275055,2.506275055
1,21-01-2025,20.0042383,78.55518086,19.9943455,78.55359318,1.112468261,1.112468261
1,22-01-2025,20.00770835,78.57379107,20.0042383,78.55518086,1.982402775,1.982402775
1,23-01-2025,20.01198972,78.56483104,20.00770835,78.57379107,1.050260467,1.050260467
1,24-01-2025,20.00384066,78.55144172,20.01198972,78.56483104,1.666789643,1.666789643
1,25-01-2025,19.98446612,78.54837778,20.00384066,78.55144172,2.17801028,2.17801028
1,26-01-2025,19.98026138,78.54011731,19.98446612,78.54837778,0.981711279,0.981711279
1,27-01-2025,19.96082457,78.528071,19.98026138,78.54011731,2.501208772,2.501208772
1,28-01-2025,19.96927825,78.53967802,19.96082457,78.528071,1.534654416,1.534654416
1,29-01-2025,19.97351665,78.55673006,19.96927825,78.53967802,1.843340518,1.843340518
1,30-01-2025,19.97955973,78.57332845,19.97351665,78.55673006,1.860214033,1.860214033
1,31-01-2025,19.99356127,78.57130647,19.97955973,78.57332845,1.571172468,1.571172468
1,01-02-2025,19.97737768,78.5661392,19.99356127,78.57130647,1.878800202,1.878800202
1,02-02-2025,19.98413133,78.5727761,19.97737768,78.5661392,1.022250025,1.022250025
1,03-02-2025,19.98778324,78.56376497,19.98413133,78.5727761,1.025474374,1.025474374
1,04-02-2025,19.99023297,78.55908204,19.98778324,78.56376497,0.560056193,0.560056193
1,05-02-2025,20.00910146,78.5730386,19.99023297,78.55908204,2.555114787,2.555114787
1,06-02-2025,20.01797064,78.56247799,20.00910146,78.5730386,1.479877802,1.479877802
1,07-02-2025,20.00821337,78.54409534,20.01797064,78.56247799,2.205887486,2.205887486
1,08-02-2025,20.01663989,78.52853097,20.00821337,78.54409534,1.876805174,1.876805174
1,09-02-2025,20.01421335,78.51659974,20.01663989,78.52853097,1.275427702,1.275427702
1,10-02-2025,20.03004389,78.51561455,20.01421335,78.51659974,1.763282351,1.763282351
1,11-02-2025,20.03257491,78.52343519,20.03004389,78.51561455,0.864123612,0.864123612
1,12-02-2025,20.01814817,78.52761189,20.03257491,78.52343519,1.662466522,1.662466522
1,13-02-2025,20.01974182,78.51573433,20.01814817,78.52761189,1.253514313,1.253514313
1,14-02-2025,20.03745596,78.51968895,20.01974182,78.51573433,2.012583132,2.012583132
1,15-02-2025,20.04524736,78.53490767,20.03745596,78.51968895,1.810513802,1.810513802
1,16-02-2025,20.05022152,78.52673301,20.04524736,78.53490767,1.017384751,1.017384751
1,17-02-2025,20.03444129,78.5249944,20.05022152,78.52673301,1.764055525,1.764055525
1,18-02-2025,20.02317891,78.52165479,20.03444129,78.5249944,1.300010599,1.300010599
1,19-02-2025,20.03851012,78.5146286,20.02317891,78.52165479,1.856060737,1.856060737
2,01-01-2025,20.13836109,78.34718313,,,0,0
2,02-01-2025,20.1442687,78.32720394,20.13836109,78.34718313,2.186725084,2.186725084
2,03-01-2025,20.13837145,78.31939519,20.1442687,78.32720394,1.046203465,1.046203465
2,04-01-2025,20.12495769,78.32075877,20.13837145,78.31939519,1.498320385,1.498320385
2,05-01-2025,20.12435088,78.32845621,20.12495769,78.32075877,0.806486957,0.806486957
2,06-01-2025,20.11512738,78.31822123,20.12435088,78.32845621,1.481159466,1.481159466
2,07-01-2025,20.10185902,78.3069718,20.11512738,78.31822123,1.885864556,1.885864556
2,08-01-2025,20.1041831,78.30312525,20.10185902,78.3069718,0.477612436,0.477612436
2,09-01-2025,20.08677879,78.29328186,20.1041831,78.30312525,2.191313452,2.191313452
2,10-01-2025,20.07665383,78.30113404,20.08677879,78.29328186,1.392835561,1.392835561
2,11-01-2025,20.08514466,78.28705751,20.07665383,78.30113404,1.74715418,1.74715418
2,12-01-2025,20.10505427,78.27772875,20.08514466,78.28705751,2.418701099,2.418701099
2,13-01-2025,20.12411887,78.27417023,20.10505427,78.27772875,2.152201928,2.152201928
2,14-01-2025,20.1054409,78.26797308,20.12411887,78.27417023,2.175358066,2.175358066
2,15-01-2025,20.11081496,78.2752013,20.1054409,78.26797308,0.962670717,0.962670717
2,16-01-2025,20.11205234,78.27311263,20.11081496,78.2752013,0.257863528,0.257863528
2,17-01-2025,20.11416806,78.2768205,20.11205234,78.27311263,0.453026726,0.453026726
2,18-01-2025,20.0974022,78.27160668,20.11416806,78.2768205,1.94214516,1.94214516
2,19-01-2025,20.08708859,78.28373227,20.0974022,78.27160668,1.708385472,1.708385472
2,20-01-2025,20.08590062,78.30306919,20.08708859,78.28373227,2.023699831,2.023699831
2,21-01-2025,20.0818536,78.31572647,20.08590062,78.30306919,1.396342049,1.396342049
2,22-01-2025,20.0937874,78.30175517,20.0818536,78.31572647,1.972218119,1.972218119
2,23-01-2025,20.09411535,78.30958768,20.0937874,78.30175517,0.818734505,0.818734505
2,24-01-2025,20.10844971,78.30262604,20.09411535,78.30958768,1.751854317,1.751854317
2,25-01-2025,20.09725935,78.31107202,20.10844971,78.30262604,1.525161895,1.525161895
2,26-01-2025,20.10963939,78.30501866,20.09725935,78.31107202,1.514781442,1.514781442
2,27-01-2025,20.09348645,78.32263959,20.10963939,78.30501866,2.571318288,2.571318288
2,28-01-2025,20.08938933,78.32334964,20.09348645,78.32263959,0.46157372,0.46157372
2,29-01-2025,20.10289774,78.33037725,20.08938933,78.32334964,1.671751467,1.671751467
2,30-01-2025,20.11230638,78.31874011,20.10289774,78.33037725,1.603445512,1.603445512
2,31-01-2025,20.1139643,78.32657149,20.11230638,78.31874011,0.838227439,0.838227439
2,01-02-2025,20.1031063,78.31356968,20.1139643,78.32657149,1.81681137,1.81681137
2,02-02-2025,20.12239303,78.31423512,20.1031063,78.31356968,2.145711773,2.145711773
2,03-02-2025,20.1128262,78.33408527,20.12239303,78.31423512,2.329630449,2.329630449
2,04-02-2025,20.13144298,78.33641701,20.1128262,78.33408527,2.084357813,2.084357813
2,05-02-2025,20.14674843,78.32396529,20.13144298,78.33641701,2.141542196,2.141542196
2,06-02-2025,20.13790328,78.3319796,20.14674843,78.32396529,1.29124842,1.29124842
2,07-02-2025,20.15176973,78.34623258,20.13790328,78.3319796,2.142720906,2.142720906
2,08-02-2025,20.14795005,78.36174338,20.15176973,78.34623258,1.673939969,1.673939969
2,09-02-2025,20.16198719,78.37916878,20.14795005,78.36174338,2.396854538,2.396854538
2,10-02-2025,20.17340082,78.38592831,20.16198719,78.37916878,1.45206728,1.45206728
2,11-02-2025,20.17662828,78.38081962,20.17340082,78.38592831,0.642729875,0.642729875
2,12-02-2025,20.19423362,78.39976617,20.17662828,78.38081962,2.78249254,2.78249254
2,13-02-2025,20.18559046,78.39198073,20.19423362,78.39976617,1.258504837,1.258504837
2,14-02-2025,20.18501501,78.38991769,20.18559046,78.39198073,0.224617096,0.224617096
2,15-02-2025,20.20479331,78.3769547,20.18501501,78.38991769,2.582008684,2.582008684
2,16-02-2025,20.18551632,78.37671045,20.20479331,78.3769547,2.14365504,2.14365504
2,17-02-2025,20.17266923,78.3713692,20.18551632,78.37671045,1.533449744,1.533449744
2,18-02-2025,20.18243605,78.3802068,20.17266923,78.3713692,1.424864222,1.424864222
2,19-02-2025,20.17475848,78.38190841,20.18243605,78.3802068,0.871983984,0.871983984
3,01-01-2025,20.49883255,78.63992745,,,0,0
3,02-01-2025,20.51798826,78.63939714,20.49883255,78.63992745,2.1307337,2.1307337
3,03-01-2025,20.53423222,78.63677291,20.51798826,78.63939714,1.826801523,1.826801523
3,04-01-2025,20.52823535,78.64257705,20.53423222,78.63677291,0.899969982,0.899969982
3,05-01-2025,20.53499231,78.65714375,20.52823535,78.64257705,1.692737661,1.692737661
3,06-01-2025,20.52419972,78.65711149,20.53499231,78.65714375,1.200085954,1.200085954
3,07-01-2025,20.52707989,78.66785365,20.52419972,78.65711149,1.163584457,1.163584457
3,08-01-2025,20.50882404,78.68763567,20.52707989,78.66785365,2.892199829,2.892199829
3,09-01-2025,20.50762182,78.67881808,20.50882404,78.68763567,0.928009792,0.928009792
3,10-01-2025,20.52296159,78.68872683,20.50762182,78.67881808,1.993563966,1.993563966
3,11-01-2025,20.54108446,78.68195684,20.52296159,78.68872683,2.134922888,2.134922888
3,12-01-2025,20.54319506,78.68484854,20.54108446,78.68195684,0.3817562,0.3817562
3,13-01-2025,20.56240832,78.66786239,20.54319506,78.68484854,2.773454885,2.773454885
3,14-01-2025,20.5546362,78.65549883,20.56240832,78.66786239,1.550416424,1.550416424
3,15-01-2025,20.5453752,78.65491003,20.5546362,78.65549883,1.031599437,1.031599437
3,16-01-2025,20.54028267,78.65069769,20.5453752,78.65491003,0.716260777,0.716260777
3,17-01-2025,20.5540512,78.66789836,20.54028267,78.65069769,2.356150279,2.356150279
3,18-01-2025,20.53686784,78.65625511,20.5540512,78.66789836,2.262853829,2.262853829
3,19-01-2025,20.54371358,78.65060098,20.53686784,78.65625511,0.96231943,0.96231943
3,20-01-2025,20.53388013,78.6424126,20.54371358,78.65060098,1.386566352,1.386566352
3,21-01-2025,20.52678216,78.6563594,20.53388013,78.6424126,1.652921828,1.652921828
3,22-01-2025,20.51224701,78.66471584,20.52678216,78.6563594,1.835628328,1.835628328
3,23-01-2025,20.51435981,78.65657624,20.51224701,78.66471584,0.879644601,0.879644601
3,24-01-2025,20.51115105,78.64682452,20.51435981,78.65657624,1.076440505,1.076440505
3,25-01-2025,20.51561159,78.63008829,20.51115105,78.64682452,1.8121764,1.8121764
3,26-01-2025,20.49581899,78.63520406,20.51561159,78.63008829,2.26441211,2.26441211
3,27-01-2025,20.48358995,78.6180417,20.49581899,78.63520406,2.246043949,2.246043949
3,28-01-2025,20.4794613,78.60007244,20.48358995,78.6180417,1.92725828,1.92725828
3,29-01-2025,20.49492599,78.58117711,20.4794613,78.60007244,2.613563416,2.613563416
3,30-01-2025,20.49808058,78.57871608,20.49492599,78.58117711,0.43445109,0.43445109
3,31-01-2025,20.50496163,78.57184218,20.49808058,78.57871608,1.047852041,1.047852041
3,01-02-2025,20.49116329,78.59111582,20.50496163,78.57184218,2.526637019,2.526637019
3,02-02-2025,20.50472063,78.605532,20.49116329,78.59111582,2.127701819,2.127701819
3,03-02-2025,20.49473069,78.58708539,20.50472063,78.605532,2.21929027,2.21929027
3,04-02-2025,20.48686131,78.58856869,20.49473069,78.58708539,0.888569996,0.888569996
3,05-02-2025,20.47992736,78.60168345,20.48686131,78.58856869,1.56865535,1.56865535
3,06-02-2025,20.47078907,78.62029352,20.47992736,78.60168345,2.188773853,2.188773853
3,07-02-2025,20.46907968,78.63397445,20.47078907,78.62029352,1.437811094,1.437811094
3,08-02-2025,20.45685488,78.6304286,20.46907968,78.63397445,1.408634298,1.408634298
3,09-02-2025,20.46483537,78.61596273,20.45685488,78.6304286,1.748903744,1.748903744
3,10-02-2025,20.45014519,78.6347442,20.46483537,78.61596273,2.548897799,2.548897799
3,11-02-2025,20.45872899,78.6163869,20.45014519,78.6347442,2.137481973,2.137481973
3,12-02-2025,20.45468183,78.61372773,20.45872899,78.6163869,0.528461947,0.528461947
3,13-02-2025,20.46444353,78.60376215,20.45468183,78.61372773,1.502034306,1.502034306
3,14-02-2025,20.45181688,78.58699707,20.46444353,78.60376215,2.240965959,2.240965959
3,15-02-2025,20.44894946,78.59453707,20.45181688,78.58699707,0.847808553,0.847808553
3,16-02-2025,20.4312772,78.61114562,20.44894946,78.59453707,2.61842377,2.61842377
3,17-02-2025,20.42897129,78.60073711,20.4312772,78.61114562,1.114469628,1.114469628
3,18-02-2025,20.41272622,78.58805175,20.42897129,78.60073711,2.238391163,2.238391163
3,19-02-2025,20.43011078,78.59358257,20.41272622,78.58805175,2.017165047,2.017165047
4,01-01-2025,20.51412317,78.6663129,,,0,0
4,02-01-2025,20.49603182,78.66895439,20.51412317,78.6663129,2.03039091,2.03039091
4,03-01-2025,20.48237768,78.65376098,20.49603182,78.66895439,2.193085304,2.193085304
4,04-01-2025,20.47605286,78.63743294,20.48237768,78.65376098,1.840515704,1.840515704
4,05-01-2025,20.45981914,78.62988947,20.47605286,78.63743294,1.968745307,1.968745307
4,06-01-2025,20.47899956,78.61690268,20.45981914,78.62988947,2.525665726,2.525665726
4,07-01-2025,20.45968601,78.62743726,20.47899956,78.61690268,2.411722034,2.411722034
4,08-01-2025,20.47196253,78.62128943,20.45968601,78.62743726,1.507862499,1.507862499
4,09-01-2025,20.47054948,78.62728038,20.47196253,78.62128943,0.643568724,0.643568724
4,10-01-2025,20.45247184,78.64524621,20.47054948,78.62728038,2.746600066,2.746600066
4,11-01-2025,20.46793905,78.63568195,20.45247184,78.64524621,1.987661253,1.987661253
4,12-01-2025,20.44855123,78.6530194,20.46793905,78.63568195,2.812490431,2.812490431
4,13-01-2025,20.44859283,78.6545945,20.44855123,78.6530194,0.164171844,0.164171844
4,14-01-2025,20.45595138,78.65922855,20.44859283,78.6545945,0.950054213,0.950054213
4,15-01-2025,20.47370704,78.67699861,20.45595138,78.65922855,2.706488339,2.706488339
4,16-01-2025,20.488395,78.68245476,20.47370704,78.67699861,1.729290626,1.729290626
4,17-01-2025,20.50043297,78.68954149,20.488395,78.68245476,1.528589418,1.528589418
4,18-01-2025,20.50336765,78.67468151,20.50043297,78.68954149,1.581722539,1.581722539
4,19-01-2025,20.51581582,78.68750708,20.50336765,78.67468151,1.923574395,1.923574395
4,20-01-2025,20.52085341,78.70032416,20.51581582,78.68750708,1.447553381,1.447553381
4,21-01-2025,20.5269128,78.68859153,20.52085341,78.70032416,1.395265828,1.395265828
4,22-01-2025,20.51787124,78.6771751,20.5269128,78.68859153,1.556992244,1.556992244
4,23-01-2025,20.51296161,78.65873362,20.51787124,78.6771751,1.996629962,1.996629962
4,24-01-2025,20.51769176,78.65219579,20.51296161,78.65873362,0.860362692,0.860362692
4,25-01-2025,20.52392067,78.64761166,20.51769176,78.65219579,0.841204593,0.841204593
4,26-01-2025,20.53118522,78.64123664,20.52392067,78.64761166,1.045571331,1.045571331
4,27-01-2025,20.521613,78.64107814,20.53118522,78.64123664,1.064510272,1.064510272
4,28-01-2025,20.52932861,78.6350116,20.521613,78.64107814,1.065437187,1.065437187
4,29-01-2025,20.54679454,78.61657905,20.52932861,78.6350116,2.730508238,2.730508238
4,30-01-2025,20.54351238,78.63528228,20.54679454,78.61657905,1.981329294,1.981329294
4,31-01-2025,20.54543125,78.63222111,20.54351238,78.63528228,0.38356236,0.38356236
4,01-02-2025,20.54817206,78.6352581,20.54543125,78.63222111,0.439173592,0.439173592
4,02-02-2025,20.55743798,78.62036569,20.54817206,78.6352581,1.861664028,1.861664028
4,03-02-2025,20.54743863,78.62358745,20.55743798,78.62036569,1.161374846,1.161374846
4,04-02-2025,20.5621233,78.62606211,20.54743863,78.62358745,1.653063426,1.653063426
4,05-02-2025,20.55166717,78.63325591,20.5621233,78.62606211,1.383028342,1.383028342
4,06-02-2025,20.56126352,78.62278535,20.55166717,78.63325591,1.5254618,1.5254618
4,07-02-2025,20.55637268,78.62415845,20.56126352,78.62278535,0.562312341,0.562312341
4,08-02-2025,20.55623513,78.61974317,20.55637268,78.62415845,0.459950722,0.459950722
4,09-02-2025,20.54814053,78.60374257,20.55623513,78.61974317,1.893545686,1.893545686
4,10-02-2025,20.53027994,78.62208423,20.54814053,78.60374257,2.755315445,2.755315445
4,11-02-2025,20.54416567,78.61628044,20.53027994,78.62208423,1.658079783,1.658079783
4,12-02-2025,20.56243771,78.62335123,20.54416567,78.61628044,2.161021809,2.161021809
4,13-02-2025,20.56173854,78.62307226,20.56243771,78.62335123,0.082992131,0.082992131
4,14-02-2025,20.54506992,78.60674043,20.56173854,78.62307226,2.515305159,2.515305159
4,15-02-2025,20.54916756,78.60888855,20.54506992,78.60674043,0.507573415,0.507573415
4,16-02-2025,20.53767667,78.62673633,20.54916756,78.60888855,2.255249901,2.255249901
4,17-02-2025,20.54892851,78.61127491,20.53767667,78.62673633,2.038909189,2.038909189
4,18-02-2025,20.56616568,78.63024484,20.54892851,78.61127491,2.75217211,2.75217211
4,19-02-2025,20.58600293,78.61247969,20.56616568,78.63024484,2.878498778,2.878498778
5,01-01-2025,20.74526882,78.56466185,,,0,0
5,02-01-2025,20.75279002,78.5781404,20.74526882,78.56466185,1.632097706,1.632097706
5,03-01-2025,20.76746476,78.59167963,20.75279002,78.5781404,2.155081924,2.155081924
5,04-01-2025,20.76450842,78.58058269,20.76746476,78.59167963,1.199680365,1.199680365
5,05-01-2025,20.76037449,78.59625857,20.76450842,78.58058269,1.693459916,1.693459916
5,06-01-2025,20.74623868,78.59679161,20.76037449,78.59625857,1.572807251,1.572807251
5,07-01-2025,20.7355678,78.60004383,20.74623868,78.59679161,1.233803237,1.233803237
5,08-01-2025,20.75009334,78.61525823,20.7355678,78.60004383,2.260931827,2.260931827
5,09-01-2025,20.73956075,78.63156598,20.75009334,78.61525823,2.060896417,2.060896417
5,10-01-2025,20.7432363,78.62557471,20.73956075,78.63156598,0.745113015,0.745113015
5,11-01-2025,20.75156355,78.62484139,20.7432363,78.62557471,0.92908246,0.92908246
5,12-01-2025,20.74668305,78.63304476,20.75156355,78.62484139,1.011007082,1.011007082
5,13-01-2025,20.73663202,78.62625486,20.74668305,78.63304476,1.321973836,1.321973836
5,14-01-2025,20.73401009,78.61640215,20.73663202,78.62625486,1.065278223,1.065278223
5,15-01-2025,20.73021818,78.61926107,20.73401009,78.61640215,0.515922285,0.515922285
5,16-01-2025,20.73985713,78.62994886,20.73021818,78.61926107,1.544047647,1.544047647
5,17-01-2025,20.75276875,78.63971733,20.73985713,78.62994886,1.758706239,1.758706239
5,18-01-2025,20.76001032,78.62921759,20.75276875,78.63971733,1.356571714,1.356571714
5,19-01-2025,20.75601924,78.62832618,20.76001032,78.62921759,0.453363344,0.453363344
5,20-01-2025,20.73933489,78.62946099,20.75601924,78.62832618,1.858964072,1.858964072
5,21-01-2025,20.73678832,78.64154536,20.73933489,78.62946099,1.288167793,1.288167793
5,22-01-2025,20.75590435,78.64378556,20.73678832,78.64154536,2.138331862,2.138331862
5,23-01-2025,20.74881181,78.62552159,20.75590435,78.64378556,2.056345305,2.056345305
5,24-01-2025,20.76579754,78.64228622,20.74881181,78.62552159,2.570180574,2.570180574
5,25-01-2025,20.75591715,78.65010267,20.76579754,78.64228622,1.366577558,1.366577558
5,26-01-2025,20.73893453,78.63675128,20.75591715,78.65010267,2.343810684,2.343810684
5,27-01-2025,20.72760689,78.62853104,20.73893453,78.63675128,1.52227039,1.52227039
5,28-01-2025,20.74744015,78.63640804,20.72760689,78.62853104,2.352570361,2.352570361
5,29-01-2025,20.74280822,78.64589207,20.74744015,78.63640804,1.112595975,1.112595975
5,30-01-2025,20.75941839,78.66424017,20.74280822,78.64589207,2.655414954,2.655414954
5,31-01-2025,20.74173295,78.66002104,20.75941839,78.66424017,2.014873245,2.014873245
5,01-02-2025,20.72600319,78.65344744,20.74173295,78.66002104,1.877915858,1.877915858
5,02-02-2025,20.71279039,78.65932138,20.72600319,78.65344744,1.591146741,1.591146741
5,03-02-2025,20.70832112,78.64849717,20.71279039,78.65932138,1.230625382,1.230625382
5,04-02-2025,20.69895864,78.64291097,20.70832112,78.64849717,1.192232501,1.192232501
5,05-02-2025,20.68935664,78.6410406,20.69895864,78.64291097,1.085275198,1.085275198
5,06-02-2025,20.67064927,78.63223114,20.68935664,78.6410406,2.273096474,2.273096474
5,07-02-2025,20.66709754,78.63634242,20.67064927,78.63223114,0.582173026,0.582173026
5,08-02-2025,20.65793585,78.62166983,20.66709754,78.63634242,1.835275125,1.835275125
5,09-02-2025,20.64098386,78.6392911,20.65793585,78.62166983,2.629621705,2.629621705
5,10-02-2025,20.63764943,78.6425376,20.64098386,78.6392911,0.501594813,0.501594813
5,11-02-2025,20.65441649,78.62584754,20.63764943,78.6425376,2.547944903,2.547944903
5,12-02-2025,20.66948295,78.62791105,20.65441649,78.62584754,1.689014464,1.689014464
5,13-02-2025,20.65607632,78.62436126,20.66948295,78.62791105,1.53581779,1.53581779
5,14-02-2025,20.66718041,78.62357606,20.65607632,78.62436126,1.237418163,1.237418163
5,15-02-2025,20.68659185,78.61864562,20.66718041,78.62357606,2.218561496,2.218561496
5,16-02-2025,20.69657498,78.6143652,20.68659185,78.61864562,1.196043087,1.196043087
5,17-02-2025,20.70974155,78.61712846,20.69657498,78.6143652,1.492001684,1.492001684
5,18-02-2025,20.69228203,78.59860133,20.70974155,78.61712846,2.735480212,2.735480212
5,19-02-2025,20.67763611,78.57914821,20.69228203,78.59860133,2.597563358,2.597563358
6,01-01-2025,20.07673291,78.70171083,,,0,0
6,02-01-2025,20.09325954,78.70511681,20.07673291,78.70171083,1.871784509,1.871784509
6,03-01-2025,20.10230438,78.71540006,20.09325954,78.70511681,1.471257559,1.471257559
6,04-01-2025,20.0974184,78.70504345,20.10230438,78.71540006,1.210262634,1.210262634
6,05-01-2025,20.08562021,78.69510115,20.0974184,78.70504345,1.673037537,1.673037537
6,06-01-2025,20.07660948,78.68339025,20.08562021,78.69510115,1.581043598,1.581043598
6,07-01-2025,20.09173831,78.69367022,20.07660948,78.68339025,1.995623248,1.995623248
6,08-01-2025,20.07361417,78.68441712,20.09173831,78.69367022,2.235015638,2.235015638
6,09-01-2025,20.05450156,78.68434373,20.07361417,78.68441712,2.12523909,2.12523909
6,10-01-2025,20.05354999,78.69759858,20.05450156,78.68434373,1.388548083,1.388548083
6,11-01-2025,20.04586107,78.71025401,20.05354999,78.69759858,1.574320869,1.574320869
6,12-01-2025,20.06458003,78.69379034,20.04586107,78.71025401,2.69994624,2.69994624
6,13-01-2025,20.07625274,78.69738858,20.06458003,78.69379034,1.351257183,1.351257183
6,14-01-2025,20.07545458,78.69421001,20.07625274,78.69738858,0.34362459,0.34362459
6,15-01-2025,20.08684131,78.69978446,20.07545458,78.69421001,1.393573463,1.393573463
6,16-01-2025,20.09904309,78.71591051,20.08684131,78.69978446,2.16256619,2.16256619
6,17-01-2025,20.10373364,78.73512902,20.09904309,78.71591051,2.073496213,2.073496213
6,18-01-2025,20.10805716,78.74059479,20.10373364,78.73512902,0.746226722,0.746226722
6,19-01-2025,20.11024978,78.72423487,20.10805716,78.74059479,1.725555101,1.725555101
6,20-01-2025,20.11930566,78.72613272,20.11024978,78.72423487,1.026280462,1.026280462
6,21-01-2025,20.11734208,78.74255158,20.11930566,78.72613272,1.728146354,1.728146354
6,22-01-2025,20.10926046,78.74349567,20.11734208,78.74255158,0.904025616,0.904025616
6,23-01-2025,20.11716613,78.75535454,20.10926046,78.74349567,1.518543574,1.518543574
6,24-01-2025,20.11554001,78.76903819,20.11716613,78.75535454,1.440128217,1.440128217
6,25-01-2025,20.12629672,78.75168763,20.11554001,78.76903819,2.170791885,2.170791885
6,26-01-2025,20.10813117,78.75651986,20.12629672,78.75168763,2.08197584,2.08197584
6,27-01-2025,20.1020277,78.74488509,20.10813117,78.75651986,1.391604653,1.391604653
6,28-01-2025,20.1052137,78.73854762,20.1020277,78.74488509,0.750620041,0.750620041
6,29-01-2025,20.10670424,78.73695239,20.1052137,78.73854762,0.234980876,0.234980876
6,30-01-2025,20.11009488,78.73296441,20.10670424,78.73695239,0.561733907,0.561733907
6,31-01-2025,20.11800158,78.7201671,20.11009488,78.73296441,1.599505009,1.599505009
6,01-02-2025,20.12586164,78.71663355,20.11800158,78.7201671,0.948674653,0.948674653
6,02-02-2025,20.14083435,78.71724299,20.12586164,78.71663355,1.666104712,1.666104712
6,03-02-2025,20.15975876,78.7213204,20.14083435,78.71724299,2.146913617,2.146913617
6,04-02-2025,20.14871272,78.73419203,20.15975876,78.7213204,1.820426051,1.820426051
6,05-02-2025,20.14251603,78.7280968,20.14871272,78.73419203,0.937894648,0.937894648
6,06-02-2025,20.12378822,78.73004541,20.14251603,78.7280968,2.09235079,2.09235079
6,07-02-2025,20.12516516,78.72428507,20.12378822,78.73004541,0.620598433,0.620598433
6,08-02-2025,20.14093385,78.70943501,20.12516516,78.72428507,2.340512815,2.340512815
6,09-02-2025,20.13413783,78.70229832,20.14093385,78.70943501,1.061206695,1.061206695
6,10-02-2025,20.11782945,78.70154413,20.13413783,78.70229832,1.815117856,1.815117856
6,11-02-2025,20.12534084,78.70201041,20.11782945,78.70154413,0.836646075,0.836646075
6,12-02-2025,20.11161995,78.69710185,20.12534084,78.70201041,1.609472035,1.609472035
6,13-02-2025,20.09172375,78.7118339,20.11161995,78.69710185,2.694627104,2.694627104
6,14-02-2025,20.07510443,78.71572502,20.09172375,78.7118339,1.892135423,1.892135423
6,15-02-2025,20.09455471,78.71718865,20.07510443,78.71572502,2.168166978,2.168166978
6,16-02-2025,20.11151638,78.70663331,20.09455471,78.71718865,2.184495816,2.184495816
6,17-02-2025,20.12191459,78.70788394,20.11151638,78.70663331,1.163578438,1.163578438
6,18-02-2025,20.13073524,78.69037759,20.12191459,78.70788394,2.074285349,2.074285349
6,19-02-2025,20.1166448,78.67570227,20.13073524,78.69037759,2.191451367,2.191451367
7,01-01-2025,20.69715015,78.82565956,,,0,0
7,02-01-2025,20.71183875,78.81982543,20.69715015,78.82565956,1.74238417,1.74238417
7,03-01-2025,20.70772531,78.80402019,20.71183875,78.81982543,1.706347513,1.706347513
7,04-01-2025,20.71722152,78.79131155,20.70772531,78.80402019,1.691788161,1.691788161
7,05-01-2025,20.71978012,78.80493995,20.71722152,78.79131155,1.445678159,1.445678159
7,06-01-2025,20.70334829,78.80635337,20.71978012,78.80493995,1.833040582,1.833040582
7,07-01-2025,20.69267695,78.80007044,20.70334829,78.80635337,1.354669147,1.354669147
7,08-01-2025,20.69163575,78.79427462,20.69267695,78.80007044,0.613908711,0.613908711
7,09-01-2025,20.69758866,78.7934579,20.69163575,78.79427462,0.667362903,0.667362903
7,10-01-2025,20.70095664,78.8029308,20.69758866,78.7934579,1.054113132,1.054113132
7,11-01-2025,20.70326633,78.80639222,20.70095664,78.8029308,0.442253852,0.442253852
7,12-01-2025,20.70584467,78.80154312,20.70326633,78.80639222,0.580161125,0.580161125
7,13-01-2025,20.69934255,78.81752902,20.70584467,78.80154312,1.813157578,1.813157578
7,14-01-2025,20.70364475,78.80730314,20.69934255,78.81752902,1.166277745,1.166277745
7,15-01-2025,20.70357466,78.80051708,20.70364475,78.80730314,0.705889313,0.705889313
7,16-01-2025,20.72092233,78.78081846,20.70357466,78.80051708,2.813999586,2.813999586
7,17-01-2025,20.70993565,78.77543273,20.72092233,78.78081846,1.343959434,1.343959434
7,18-01-2025,20.70944804,78.78946543,20.70993565,78.77543273,1.460547595,1.460547595
7,19-01-2025,20.69296354,78.80170003,20.70944804,78.78946543,2.231446219,2.231446219
7,20-01-2025,20.67518968,78.81539259,20.69296354,78.80170003,2.436172441,2.436172441
7,21-01-2025,20.6572551,78.79612229,20.67518968,78.81539259,2.827809325,2.827809325
7,22-01-2025,20.66513356,78.81601251,20.6572551,78.79612229,2.247231058,2.247231058
7,23-01-2025,20.68099797,78.81905245,20.66513356,78.81601251,1.79216755,1.79216755
7,24-01-2025,20.6976938,78.79926445,20.68099797,78.81905245,2.771944664,2.771944664
7,25-01-2025,20.71669648,78.7988944,20.6976938,78.79926445,2.11335213,2.11335213
7,26-01-2025,20.72561233,78.81172886,20.71669648,78.7988944,1.662705272,1.662705272
7,27-01-2025,20.73435062,78.81313032,20.72561233,78.81172886,0.982523556,0.982523556
7,28-01-2025,20.7334154,78.82667363,20.73435062,78.81313032,1.412248379,1.412248379
7,29-01-2025,20.7216185,78.84539339,20.7334154,78.82667363,2.347505539,2.347505539
7,30-01-2025,20.7300566,78.83337367,20.7216185,78.84539339,1.562994542,1.562994542
7,31-01-2025,20.73950649,78.83456727,20.7300566,78.83337367,1.058085742,1.058085742
7,01-02-2025,20.74779569,78.84527845,20.73950649,78.83456727,1.44573743,1.44573743
7,02-02-2025,20.7312873,78.84552261,20.74779569,78.84527845,1.835824799,1.835824799
7,03-02-2025,20.74856787,78.83834829,20.7312873,78.84552261,2.061261923,2.061261923
7,04-02-2025,20.75232319,78.83311751,20.74856787,78.83834829,0.685712426,0.685712426
7,05-02-2025,20.75049391,78.83506164,20.75232319,78.83311751,0.286775494,0.286775494
7,06-02-2025,20.75245079,78.82313086,20.75049391,78.83506164,1.259516107,1.259516107
7,07-02-2025,20.75983365,78.80664558,20.75245079,78.82313086,1.90055296,1.90055296
7,08-02-2025,20.74538665,78.78675402,20.75983365,78.80664558,2.618899382,2.618899382
7,09-02-2025,20.73005449,78.78568066,20.74538665,78.78675402,1.708508443,1.708508443
7,10-02-2025,20.73429856,78.79745224,20.73005449,78.78568066,1.311992531,1.311992531
7,11-02-2025,20.71856653,78.81148134,20.73429856,78.79745224,2.27789887,2.27789887
7,12-02-2025,20.72840551,78.80782207,20.71856653,78.81148134,1.158345433,1.158345433
7,13-02-2025,20.74572304,78.82745925,20.72840551,78.80782207,2.80680676,2.80680676
7,14-02-2025,20.73392311,78.8226284,20.74572304,78.82745925,1.404972791,1.404972791
7,15-02-2025,20.75098109,78.83149226,20.73392311,78.8226284,2.108859574,2.108859574
7,16-02-2025,20.73290487,78.84275284,20.75098109,78.83149226,2.326196574,2.326196574
7,17-02-2025,20.74602251,78.85277291,20.73290487,78.84275284,1.792563837,1.792563837
7,18-02-2025,20.75800399,78.86577822,20.74602251,78.85277291,1.898340155,1.898340155
7,19-02-2025,20.74546019,78.85520589,20.75800399,78.86577822,1.77594941,1.77594941
8,01-01-2025,20.62640643,78.9113984,,,0,0
8,02-01-2025,20.63372571,78.90947634,20.62640643,78.9113984,0.838085004,0.838085004
8,03-01-2025,20.64227701,78.92546304,20.63372571,78.90947634,1.916135231,1.916135231
8,04-01-2025,20.64724107,78.92705428,20.64227701,78.92546304,0.576277121,0.576277121
8,05-01-2025,20.64479086,78.93015373,20.64724107,78.92705428,0.422186621,0.422186621
8,06-01-2025,20.63900535,78.92581302,20.64479086,78.93015373,0.786049316,0.786049316
8,07-01-2025,20.64027965,78.90847778,20.63900535,78.92581302,1.809426622,1.809426622
8,08-01-2025,20.62944067,78.91019175,20.64027965,78.90847778,1.218365289,1.218365289
8,09-01-2025,20.6267018,78.90350439,20.62944067,78.91019175,0.759646539,0.759646539
8,10-01-2025,20.63592376,78.91125309,20.6267018,78.90350439,1.304504049,1.304504049
8,11-01-2025,20.62259299,78.92639825,20.63592376,78.91125309,2.163628921,2.163628921
8,12-01-2025,20.62240994,78.93605669,20.62259299,78.92639825,1.005357007,1.005357007
8,13-01-2025,20.62533597,78.9559644,20.62240994,78.93605669,2.097163043,2.097163043
8,14-01-2025,20.63543209,78.96424361,20.62533597,78.9559644,1.415138822,1.415138822
8,15-01-2025,20.64657497,78.94996873,20.63543209,78.96424361,1.934326305,1.934326305
8,16-01-2025,20.63475676,78.9585313,20.64657497,78.94996873,1.587703198,1.587703198
8,17-01-2025,20.63451602,78.96871671,20.63475676,78.9585313,1.060246029,1.060246029
8,18-01-2025,20.61863266,78.97017596,20.63451602,78.96871671,1.772665741,1.772665741
8,19-01-2025,20.61378552,78.96845597,20.61863266,78.97017596,0.567925916,0.567925916
8,20-01-2025,20.61794383,78.9685475,20.61378552,78.96845597,0.462481092,0.462481092
8,21-01-2025,20.61953826,78.9680018,20.61794383,78.9685475,0.186166594,0.186166594
8,22-01-2025,20.61589647,78.97887708,20.61953826,78.9680018,1.202083985,1.202083985
8,23-01-2025,20.59638459,78.98281479,20.61589647,78.97887708,2.207992072,2.207992072
8,24-01-2025,20.59900492,78.99146195,20.59638459,78.98281479,0.946040134,0.946040134
8,25-01-2025,20.6029661,79.00453391,20.59900492,78.99146195,1.430106639,1.430106639
8,26-01-2025,20.62132909,78.99823488,20.6029661,79.00453391,2.144534266,2.144534266
8,27-01-2025,20.61042313,78.99517875,20.62132909,78.99823488,1.253704796,1.253704796
8,28-01-2025,20.60194031,78.99977676,20.61042313,78.99517875,1.057704261,1.057704261
8,29-01-2025,20.61841441,78.98534141,20.60194031,78.99977676,2.369143817,2.369143817
8,30-01-2025,20.60244619,78.97558203,20.61841441,78.98534141,2.045586075,2.045586075
8,31-01-2025,20.61149002,78.97930055,20.60244619,78.97558203,1.077532291,1.077532291
8,01-02-2025,20.59557852,78.99605057,20.61149002,78.97930055,2.48389648,2.48389648
8,02-02-2025,20.60718191,78.97697147,20.59557852,78.99605057,2.368172522,2.368172522
8,03-02-2025,20.6132366,78.98782134,20.60718191,78.97697147,1.314699859,1.314699859
8,04-02-2025,20.60821401,78.9705782,20.6132366,78.98782134,1.879519563,1.879519563
8,05-02-2025,20.59130686,78.95474808,20.60821401,78.9705782,2.499842983,2.499842983
8,06-02-2025,20.60492444,78.97117553,20.59130686,78.95474808,2.283962871,2.283962871
8,07-02-2025,20.58983687,78.96061177,20.60492444,78.97117553,2.005879948,2.005879948
8,08-02-2025,20.57645769,78.9480646,20.58983687,78.96061177,1.979693124,1.979693124
8,09-02-2025,20.58995732,78.94135046,20.57645769,78.9480646,1.655825967,1.655825967
8,10-02-2025,20.58241509,78.93044629,20.58995732,78.94135046,1.411282164,1.411282164
8,11-02-2025,20.58673087,78.92561851,20.58241509,78.93044629,0.694877187,0.694877187
8,12-02-2025,20.59650086,78.91384171,20.58673087,78.92561851,1.637965535,1.637965535
8,13-02-2025,20.60801245,78.91799057,20.59650086,78.91384171,1.350908307,1.350908307
8,14-02-2025,20.59258314,78.91457075,20.60801245,78.91799057,1.752196941,1.752196941
8,15-02-2025,20.60712387,78.93148916,20.59258314,78.91457075,2.390645525,2.390645525
8,16-02-2025,20.60575187,78.93072264,20.60712387,78.93148916,0.172160445,0.172160445
8,17-02-2025,20.62249006,78.93420537,20.60575187,78.93072264,1.896168299,1.896168299
8,18-02-2025,20.60380393,78.95071535,20.62249006,78.93420537,2.696256587,2.696256587
8,19-02-2025,20.59373299,78.95382063,20.60380393,78.95071535,1.165548968,1.165548968
9,01-01-2025,20.15797224,78.04509899,,,0,0
9,02-01-2025,20.14907573,78.03390288,20.15797224,78.04509899,1.531185547,1.531185547
9,03-01-2025,20.13758296,78.03450982,20.14907573,78.03390288,1.279507477,1.279507477
9,04-01-2025,20.15660462,78.03286938,20.13758296,78.03450982,2.122033173,2.122033173
9,05-01-2025,20.15889683,78.04729466,20.15660462,78.03286938,1.527187329,1.527187329
9,06-01-2025,20.16029962,78.03467318,20.15889683,78.04729466,1.326666095,1.326666095
9,07-01-2025,20.15228346,78.02707066,20.16029962,78.03467318,1.193439879,1.193439879
9,08-01-2025,20.14817618,78.02414221,20.15228346,78.02707066,0.549576234,0.549576234
9,09-01-2025,20.16016746,78.01811769,20.14817618,78.02414221,1.474232428,1.474232428
9,10-01-2025,20.15889673,78.02311673,20.16016746,78.01811769,0.540605893,0.540605893
9,11-01-2025,20.15400577,78.03657932,20.15889673,78.02311673,1.506855226,1.506855226
9,12-01-2025,20.15750392,78.02834111,20.15400577,78.03657932,0.943828943,0.943828943
9,13-01-2025,20.16606628,78.02944702,20.15750392,78.02834111,0.959063498,0.959063498
9,14-01-2025,20.16744452,78.02869054,20.16606628,78.02944702,0.17239845,0.17239845
9,15-01-2025,20.167325,78.03930479,20.16744452,78.02869054,1.107968609,1.107968609
9,16-01-2025,20.15144426,78.0326793,20.167325,78.03930479,1.896456388,1.896456388
9,17-01-2025,20.13446439,78.04280915,20.15144426,78.0326793,2.164052241,2.164052241
9,18-01-2025,20.12535647,78.05870637,20.13446439,78.04280915,1.94430197,1.94430197
9,19-01-2025,20.1264196,78.07073636,20.12535647,78.05870637,1.261544933,1.261544933
9,20-01-2025,20.14557686,78.08432791,20.1264196,78.07073636,2.559510276,2.559510276
9,21-01-2025,20.16025661,78.08064729,20.14557686,78.08432791,1.676921304,1.676921304
9,22-01-2025,20.16232552,78.07080284,20.16025661,78.08064729,1.053016211,1.053016211
9,23-01-2025,20.15017004,78.07102315,20.16232552,78.07080284,1.351823333,1.351823333
9,24-01-2025,20.153972,78.064594,20.15017004,78.07102315,0.793179006,0.793179006
9,25-01-2025,20.15674974,78.08009242,20.153972,78.064594,1.647031734,1.647031734
9,26-01-2025,20.1590186,78.08892494,20.15674974,78.08009242,0.955866829,0.955866829
9,27-01-2025,20.1712312,78.1084741,20.1590186,78.08892494,2.451089066,2.451089066
9,28-01-2025,20.1753591,78.1207481,20.1712312,78.1084741,1.360827221,1.360827221
9,29-01-2025,20.19386507,78.13852449,20.1753591,78.1207481,2.770626381,2.770626381
9,30-01-2025,20.17950834,78.13478018,20.19386507,78.13852449,1.643527464,1.643527464
9,31-01-2025,20.17246795,78.11825718,20.17950834,78.13478018,1.893906449,1.893906449
9,01-02-2025,20.17779758,78.12769337,20.17246795,78.11825718,1.149430497,1.149430497
9,02-02-2025,20.1917227,78.11260444,20.17779758,78.12769337,2.208494814,2.208494814
9,03-02-2025,20.20678046,78.11832147,20.1917227,78.11260444,1.77746352,1.77746352
9,04-02-2025,20.21493831,78.13474643,20.20678046,78.11832147,1.939166402,1.939166402
9,05-02-2025,20.21992876,78.12818106,20.21493831,78.13474643,0.881607029,0.881607029
9,06-02-2025,20.23293305,78.12270343,20.21992876,78.12818106,1.554859614,1.554859614
9,07-02-2025,20.21430218,78.13592961,20.23293305,78.12270343,2.489219881,2.489219881
9,08-02-2025,20.20810986,78.14688299,20.21430218,78.13592961,1.334344889,1.334344889
9,09-02-2025,20.20262018,78.16132571,20.20810986,78.14688299,1.626054124,1.626054124
9,10-02-2025,20.1914006,78.1803076,20.20262018,78.16132571,2.341024223,2.341024223
9,11-02-2025,20.20259095,78.16487712,20.1914006,78.1803076,2.035027885,2.035027885
9,12-02-2025,20.20522202,78.18429181,20.20259095,78.16487712,2.046996687,2.046996687
9,13-02-2025,20.20406464,78.1715761,20.20522202,78.18429181,1.333143083,1.333143083
9,14-02-2025,20.20345577,78.1720744,20.20406464,78.1715761,0.085367739,0.085367739
9,15-02-2025,20.21312325,78.18002824,20.20345577,78.1720744,1.358103161,1.358103161
9,16-02-2025,20.20922525,78.16874916,20.21312325,78.18002824,1.254226024,1.254226024
9,17-02-2025,20.21502742,78.16561732,20.20922525,78.16874916,0.723218396,0.723218396
9,18-02-2025,20.20031846,78.18164021,20.21502742,78.16561732,2.338939033,2.338939033
9,19-02-2025,20.20796734,78.18896756,20.20031846,78.18164021,1.1436948,1.1436948
10,01-01-2025,20.83518605,78.52958531,,,0,0
10,02-01-2025,20.81787307,78.52579523,20.83518605,78.52958531,1.965000806,1.965000806
10,03-01-2025,20.81777166,78.53460334,20.81787307,78.52579523,0.915545506,0.915545506
10,04-01-2025,20.80203481,78.52020408,20.81777166,78.53460334,2.302615054,2.302615054
10,05-01-2025,20.79258217,78.51086401,20.80203481,78.52020408,1.430882019,1.430882019
10,06-01-2025,20.80186955,78.50089324,20.79258217,78.51086401,1.463125783,1.463125783
10,07-01-2025,20.80719347,78.50066419,20.80186955,78.50089324,0.592471465,0.592471465
10,08-01-2025,20.81012525,78.51418847,20.80719347,78.50066419,1.443044931,1.443044931
10,09-01-2025,20.80630051,78.52502493,20.81012525,78.51418847,1.203981944,1.203981944
10,10-01-2025,20.80318195,78.51917978,20.80630051,78.52502493,0.699565283,0.699565283
10,11-01-2025,20.82152704,78.50655462,20.80318195,78.51917978,2.425513738,2.425513738
10,12-01-2025,20.80514051,78.51739406,20.82152704,78.50655462,2.142278204,2.142278204
10,13-01-2025,20.7878705,78.53087722,20.80514051,78.51739406,2.377418285,2.377418285
10,14-01-2025,20.78535824,78.54749776,20.7878705,78.53087722,1.750259755,1.750259755
10,15-01-2025,20.79421955,78.55191395,20.78535824,78.54749776,1.087032312,1.087032312
10,16-01-2025,20.81219183,78.54777992,20.79421955,78.55191395,2.04410431,2.04410431
10,17-01-2025,20.8303553,78.53317998,20.81219183,78.54777992,2.526200587,2.526200587
10,18-01-2025,20.8297055,78.52397642,20.8303553,78.53317998,0.959225058,0.959225058
10,19-01-2025,20.83129921,78.51045698,20.8297055,78.52397642,1.416164172,1.416164172
10,20-01-2025,20.8449604,78.52431329,20.83129921,78.51045698,2.093093487,2.093093487
10,21-01-2025,20.86316985,78.51050018,20.8449604,78.52431329,2.48192979,2.48192979
10,22-01-2025,20.86810315,78.50946967,20.86316985,78.51050018,0.558909981,0.558909981
10,23-01-2025,20.8618785,78.50353128,20.86810315,78.50946967,0.927243471,0.927243471
10,24-01-2025,20.85839024,78.5117283,20.8618785,78.50353128,0.935884524,0.935884524
10,25-01-2025,20.86232169,78.51011556,20.85839024,78.5117283,0.468174594,0.468174594
10,26-01-2025,20.84535902,78.49322617,20.86232169,78.51011556,2.576353159,2.576353159
10,27-01-2025,20.8254526,78.51193415,20.84535902,78.49322617,2.946091677,2.946091677
10,28-01-2025,20.80566275,78.4960579,20.8254526,78.51193415,2.750504014,2.750504014
10,29-01-2025,20.79824661,78.50835511,20.80566275,78.4960579,1.521169032,1.521169032
10,30-01-2025,20.81673056,78.51995565,20.79824661,78.50835511,2.382914103,2.382914103
10,31-01-2025,20.82435297,78.52080768,20.81673056,78.51995565,0.852186871,0.852186871
10,01-02-2025,20.80782118,78.53913451,20.82435297,78.52080768,2.647177982,2.647177982
10,02-02-2025,20.81815688,78.54469249,20.80782118,78.53913451,1.28629887,1.28629887
10,03-02-2025,20.82851831,78.55365662,20.81815688,78.54469249,1.481691473,1.481691473
10,04-02-2025,20.83400758,78.57287969,20.82851831,78.55365662,2.088946734,2.088946734
10,05-02-2025,20.85014213,78.57874629,20.83400758,78.57287969,1.894834272,1.894834272
10,06-02-2025,20.85786914,78.56081012,20.85014213,78.57874629,2.052273649,2.052273649
10,07-02-2025,20.86466584,78.54257674,20.85786914,78.56081012,2.03972819,2.03972819
10,08-02-2025,20.86819639,78.56255088,20.86466584,78.54257674,2.112157818,2.112157818
10,09-02-2025,20.87042865,78.56147928,20.86819639,78.56255088,0.272043387,0.272043387
10,10-02-2025,20.86294284,78.54630019,20.87042865,78.56147928,1.783316997,1.783316997
10,11-02-2025,20.87218379,78.53400415,20.86294284,78.54630019,1.63952649,1.63952649
10,12-02-2025,20.85679507,78.53087465,20.87218379,78.53400415,1.741768852,1.741768852
10,13-02-2025,20.86860874,78.54067723,20.85679507,78.53087465,1.662229739,1.662229739
10,14-02-2025,20.85080405,78.53888298,20.86860874,78.54067723,1.98854998,1.98854998
10,15-02-2025,20.85170143,78.54466485,20.85080405,78.53888298,0.609038476,0.609038476
10,16-02-2025,20.85770813,78.53925274,20.85170143,78.54466485,0.873139899,0.873139899
10,17-02-2025,20.86013521,78.53849521,20.85770813,78.53925274,0.281123439,0.281123439
10,18-02-2025,20.87553515,78.53970582,20.86013521,78.53849521,1.717008691,1.717008691
10,19-02-2025,20.87317643,78.53588524,20.87553515,78.53970582,0.47576777,0.47576777
